{"cameraMode":{"drawMode":0,"name":"Shaded","section":"Shading Mode"},"sceneLighting":false,"audioPlay":false,"sceneViewState":{"m_AlwaysRefresh":false,"showFog":true,"showSkybox":false,"showFlares":true,"showImageEffects":true,"showParticleSystems":true,"showVisualEffectGraphs":true,"m_FxEnabled":true},"in2DMode":false,"pivot":{"x":-38.92228317260742,"y":-3.4954237937927248,"z":-51.77136993408203},"rotation":{"x":0.07606924325227738,"y":0.3373914659023285,"z":-0.027047347277402879,"w":0.9380792379379273},"size":2.6536171436309816,"orthographic":true}