{"cameraMode":{"drawMode":0,"name":"Shaded","section":"Shading Mode"},"sceneLighting":false,"audioPlay":false,"sceneViewState":{"m_AlwaysRefresh":false,"showFog":true,"showSkybox":false,"showFlares":true,"showImageEffects":true,"showParticleSystems":true,"showVisualEffectGraphs":true,"m_FxEnabled":true},"in2DMode":false,"pivot":{"x":-39.315860748291019,"y":-3.8599209785461427,"z":-51.10747146606445},"rotation":{"x":-0.00442518200725317,"y":0.2842921018600464,"z":0.0015815860824659467,"w":0.958870530128479},"size":1.5585576295852662,"orthographic":true}