{"cameraMode":{"drawMode":0,"name":"Shaded","section":"Shading Mode"},"sceneLighting":false,"audioPlay":false,"sceneViewState":{"m_AlwaysRefresh":false,"showFog":true,"showSkybox":false,"showFlares":true,"showImageEffects":true,"showParticleSystems":true,"showVisualEffectGraphs":true,"m_FxEnabled":true},"in2DMode":false,"pivot":{"x":0.26294517517089846,"y":0.619709312915802,"z":-0.5245664119720459},"rotation":{"x":0.07305040955543518,"y":0.6041091084480286,"z":-0.05541759729385376,"w":0.7917790412902832},"size":2.113450765609741,"orthographic":false}