{"cameraMode":{"drawMode":0,"name":"Shaded","section":"Shading Mode"},"sceneLighting":false,"audioPlay":false,"sceneViewState":{"m_AlwaysRefresh":false,"showFog":true,"showSkybox":false,"showFlares":true,"showImageEffects":true,"showParticleSystems":true,"showVisualEffectGraphs":true,"m_FxEnabled":true},"in2DMode":false,"pivot":{"x":3.126866340637207,"y":0.6469296813011169,"z":1.2562865018844605},"rotation":{"x":0.07305040955543518,"y":0.6041091084480286,"z":-0.05541759729385376,"w":0.7917790412902832},"size":4.1987810134887699,"orthographic":false}