{"cameraMode":{"drawMode":0,"name":"Shaded","section":"Shading Mode"},"sceneLighting":false,"audioPlay":false,"sceneViewState":{"m_AlwaysRefresh":false,"showFog":true,"showSkybox":false,"showFlares":true,"showImageEffects":true,"showParticleSystems":true,"showVisualEffectGraphs":true,"m_FxEnabled":true},"in2DMode":false,"pivot":{"x":5.242713928222656,"y":-8.357028007507325,"z":0.027866363525390626},"rotation":{"x":-0.15888147056102754,"y":-0.19769668579101563,"z":0.03219678997993469,"w":-0.9668955206871033},"size":56.43137741088867,"orthographic":false}