{"cameraMode":{"drawMode":0,"name":"Shaded","section":"Shading Mode"},"sceneLighting":false,"audioPlay":false,"sceneViewState":{"m_AlwaysRefresh":false,"showFog":true,"showSkybox":false,"showFlares":true,"showImageEffects":true,"showParticleSystems":true,"showVisualEffectGraphs":true,"m_FxEnabled":true},"in2DMode":false,"pivot":{"x":0.6676212549209595,"y":0.11993087083101273,"z":-2.07393479347229},"rotation":{"x":0.20162193477153779,"y":0.5890978574752808,"z":-0.15452991425991059,"w":0.7672692537307739},"size":0.30771011114120486,"orthographic":false}