{"cameraMode":{"drawMode":0,"name":"Shaded","section":"Shading Mode"},"sceneLighting":false,"audioPlay":false,"sceneViewState":{"m_AlwaysRefresh":false,"showFog":true,"showSkybox":false,"showFlares":true,"showImageEffects":true,"showParticleSystems":true,"showVisualEffectGraphs":true,"m_FxEnabled":true},"in2DMode":false,"pivot":{"x":-0.0626293420791626,"y":2.4919281005859377,"z":0.002237558364868164},"rotation":{"x":-0.15888147056102754,"y":-0.19769668579101563,"z":0.03219678997993469,"w":-0.9668955206871033},"size":3.3368866443634035,"orthographic":false}