{"cameraMode":{"drawMode":0,"name":"Shaded","section":"Shading Mode"},"sceneLighting":true,"audioPlay":false,"sceneViewState":{"m_AlwaysRefresh":false,"showFog":true,"showSkybox":true,"showFlares":true,"showImageEffects":true,"showParticleSystems":true,"showVisualEffectGraphs":true,"m_FxEnabled":true},"in2DMode":false,"pivot":{"x":-69.02348327636719,"y":-5.765144348144531,"z":-82.75563049316406},"rotation":{"x":0.016208982095122339,"y":0.18530869483947755,"z":0.0030848076567053797,"w":-0.9825701117515564},"size":0.5202201008796692,"orthographic":false}