{"cameraMode":{"drawMode":0,"name":"Shaded","section":"Shading Mode"},"sceneLighting":true,"audioPlay":false,"sceneViewState":{"m_AlwaysRefresh":false,"showFog":true,"showSkybox":true,"showFlares":true,"showImageEffects":true,"showParticleSystems":true,"showVisualEffectGraphs":true,"m_FxEnabled":true},"in2DMode":false,"pivot":{"x":511.0986633300781,"y":399.3534240722656,"z":-166.28968811035157},"rotation":{"x":-0.08689144253730774,"y":-0.004076147917658091,"z":0.0003816793905571103,"w":-0.9962337017059326},"size":81.39410400390625,"orthographic":false}