{"cameraMode":{"drawMode":0,"name":"Shaded","section":"Shading Mode"},"sceneLighting":true,"audioPlay":false,"sceneViewState":{"m_AlwaysRefresh":false,"showFog":true,"showSkybox":true,"showFlares":true,"showImageEffects":true,"showParticleSystems":true,"showVisualEffectGraphs":true,"m_FxEnabled":true},"in2DMode":false,"pivot":{"x":30.48731803894043,"y":68.32567596435547,"z":-462.6736145019531},"rotation":{"x":0.00018468432244844735,"y":0.9996359348297119,"z":-0.004807531367987394,"w":0.027611684054136277},"size":295.7135314941406,"orthographic":false}