{"cameraMode":{"drawMode":0,"name":"Shaded","section":"Shading Mode"},"sceneLighting":false,"audioPlay":false,"sceneViewState":{"m_AlwaysRefresh":false,"showFog":true,"showSkybox":false,"showFlares":true,"showImageEffects":true,"showParticleSystems":true,"showVisualEffectGraphs":true,"m_FxEnabled":true},"in2DMode":false,"pivot":{"x":0.0530855655670166,"y":-0.3235626220703125,"z":0.15348100662231446},"rotation":{"x":0.20162193477153779,"y":0.5890978574752808,"z":-0.15452991425991059,"w":0.7672692537307739},"size":3.4257447719573976,"orthographic":false}