{"cameraMode":{"drawMode":0,"name":"Shaded","section":"Shading Mode"},"sceneLighting":false,"audioPlay":false,"sceneViewState":{"m_AlwaysRefresh":false,"showFog":true,"showSkybox":false,"showFlares":true,"showImageEffects":true,"showParticleSystems":true,"showVisualEffectGraphs":true,"m_FxEnabled":true},"in2DMode":false,"pivot":{"x":0.12248849868774414,"y":0.49480438232421877,"z":0.14796996116638184},"rotation":{"x":-0.15888147056102754,"y":-0.19769668579101563,"z":0.03219678997993469,"w":-0.9668955206871033},"size":4.663139820098877,"orthographic":false}